time,sector,mainForce,small,medium,large,superLarge
2026-07-23 09:31,医疗器械,-1758703.0,316568.0,1432563.0,918767.0,-2677470.0
2026-07-23 09:32,医疗器械,-225606.0,-465466.0,684205.0,1776878.0,-2002484.0
2026-07-23 09:33,医疗器械,1271848.0,349749.0,-1623886.0,2763579.0,-1491731.0
2026-07-23 09:34,医疗器械,2563646.0,1860355.0,-4436100.0,3651130.0,-1087484.0
2026-07-23 09:35,医疗器械,2193301.0,2037459.0,-4221173.0,3280785.0,-1087484.0
2026-07-23 09:36,医疗器械,559039.0,3370450.0,-3884398.0,2897618.0,-2338579.0
2026-07-23 09:37,医疗器械,-1525773.0,4335133.0,-2809041.0,2471706.0,-3997479.0
2026-07-23 09:38,医疗器械,-2074012.0,5414870.0,-3339262.0,1923467.0,-3997479.0
2026-07-23 09:39,医疗器械,-1578152.0,3968105.0,-2389952.0,2419327.0,-3997479.0
2026-07-23 09:40,医疗器械,-1163810.0,4054399.0,-2889978.0,2833669.0,-3997479.0
2026-07-23 09:41,医疗器械,-138875.0,3220065.0,-3081189.0,3858604.0,-3997479.0
2026-07-23 09:42,医疗器械,-2001754.0,3812976.0,-1811221.0,955653.0,-2957407.0
2026-07-23 09:43,医疗器械,-2337855.0,4557399.0,-2214782.0,1657387.0,-3995242.0
2026-07-23 09:44,医疗器械,-2363877.0,4129617.0,-1765737.0,1629625.0,-3993502.0
2026-07-23 09:45,医疗器械,-2966744.0,4272686.0,-1305939.0,2083605.0,-5050349.0
2026-07-23 09:46,医疗器械,-3480188.0,4824220.0,-1344029.0,1513611.0,-4993799.0
2026-07-23 09:47,医疗器械,-7439421.0,6891768.0,547656.0,-1082140.0,-6357281.0
2026-07-23 09:48,医疗器械,-10371860.0,9117133.0,1255050.0,-2849439.0,-7522421.0
2026-07-23 09:49,医疗器械,-10528397.0,9034476.0,1493925.0,-3005976.0,-7522421.0
2026-07-23 09:50,医疗器械,-11157594.0,9044350.0,2098458.0,-3635173.0,-7522421.0
2026-07-23 09:51,医疗器械,-10244737.0,8771146.0,1473125.0,-2722316.0,-7522421.0
2026-07-23 09:52,医疗器械,-9694100.0,7727433.0,1966670.0,-2171679.0,-7522421.0
2026-07-23 09:53,医疗器械,-9061705.0,7220522.0,1845566.0,-505922.0,-8555783.0
2026-07-23 09:54,医疗器械,-9328277.0,7103663.0,2224618.0,-772494.0,-8555783.0
2026-07-23 09:55,医疗器械,-9731536.0,7404773.0,2326298.0,-1175753.0,-8555783.0
2026-07-23 09:56,医疗器械,-8895880.0,6904819.0,1991065.0,-340097.0,-8555783.0
2026-07-23 09:57,医疗器械,-7823262.0,6775769.0,1047497.0,732521.0,-8555783.0
2026-07-23 09:58,医疗器械,-7546265.0,6407879.0,1138389.0,1009518.0,-8555783.0
2026-07-23 09:59,医疗器械,-3664416.0,4098874.0,-453578.0,3093067.0,-6757483.0
2026-07-23 10:00,医疗器械,-1890188.0,3723508.0,-1849066.0,4531214.0,-6421402.0
2026-07-23 10:01,医疗器械,110786.0,2685577.0,-2796687.0,4900501.0,-4789715.0
2026-07-23 10:02,医疗器械,3009946.0,709060.0,-3717734.0,5469749.0,-2459803.0
2026-07-23 10:03,医疗器械,4960548.0,-1117164.0,-3843383.0,7420351.0,-2459803.0
2026-07-23 10:04,医疗器械,3740103.0,-351152.0,-3388478.0,6199906.0,-2459803.0
2026-07-23 10:05,医疗器械,3139483.0,587703.0,-3727185.0,5599286.0,-2459803.0
2026-07-23 10:06,医疗器械,3678119.0,585066.0,-4263185.0,6137922.0,-2459803.0
2026-07-23 10:07,医疗器械,3288877.0,842267.0,-4131144.0,5748680.0,-2459803.0
2026-07-23 10:08,医疗器械,3067515.0,1294499.0,-4362014.0,5525328.0,-2457813.0
2026-07-23 10:09,医疗器械,3465676.0,864506.0,-4328657.0,5915131.0,-2449455.0
2026-07-23 10:10,医疗器械,3220926.0,972505.0,-4193431.0,5652272.0,-2431346.0
2026-07-23 10:11,医疗器械,14165.0,2635516.0,-2779429.0,2445511.0,-2431346.0
2026-07-23 10:12,医疗器械,593936.0,1724288.0,-2318224.0,3025282.0,-2431346.0
2026-07-23 10:13,医疗器械,954667.0,1553212.0,-2482373.0,3386013.0,-2431346.0
2026-07-23 10:14,医疗器械,930426.0,1285464.0,-2215890.0,3361772.0,-2431346.0
2026-07-23 10:15,医疗器械,245087.0,1553386.0,-1798473.0,3809935.0,-3564848.0
2026-07-23 10:16,医疗器械,479192.0,1498918.0,-1978109.0,4044040.0,-3564848.0
2026-07-23 10:17,医疗器械,244714.0,1453501.0,-1698214.0,3809562.0,-3564848.0
2026-07-23 10:18,医疗器械,-370602.0,1852232.0,-1452793.0,3194246.0,-3564848.0
2026-07-23 10:19,医疗器械,-672159.0,1439529.0,-767369.0,2892689.0,-3564848.0
2026-07-23 10:20,医疗器械,-424951.0,869737.0,-461173.0,3139897.0,-3564848.0
2026-07-23 10:21,医疗器械,-570381.0,1343535.0,-773153.0,2994467.0,-3564848.0
2026-07-23 10:22,医疗器械,941578.0,989732.0,-1931309.0,4506426.0,-3564848.0
2026-07-23 10:23,医疗器械,1169897.0,1328228.0,-2498124.0,4734745.0,-3564848.0
2026-07-23 10:24,医疗器械,1402339.0,1268479.0,-2670817.0,4967187.0,-3564848.0
2026-07-23 10:25,医疗器械,1144971.0,1628029.0,-2772999.0,4709819.0,-3564848.0
2026-07-23 10:26,医疗器械,1727036.0,828375.0,-2553998.0,5291884.0,-3564848.0
2026-07-23 10:27,医疗器械,1022806.0,1367426.0,-2390232.0,4587654.0,-3564848.0
2026-07-23 10:28,医疗器械,1093723.0,1380773.0,-2475696.0,4658571.0,-3564848.0
2026-07-23 10:29,医疗器械,1991346.0,843949.0,-2832025.0,5278994.0,-3287648.0
2026-07-23 10:30,医疗器械,1983402.0,955259.0,-2938661.0,5270150.0,-3286748.0
2026-07-23 10:31,医疗器械,2164923.0,1502865.0,-3667788.0,5451671.0,-3286748.0
2026-07-23 10:32,医疗器械,2069598.0,1881801.0,-3950928.0,5356346.0,-3286748.0
2026-07-23 10:33,医疗器械,2191458.0,1995453.0,-4186259.0,5478206.0,-3286748.0
2026-07-23 10:34,医疗器械,2191458.0,2127724.0,-4319182.0,5478206.0,-3286748.0
2026-07-23 10:35,医疗器械,2191458.0,2037917.0,-4229375.0,5478206.0,-3286748.0
2026-07-23 10:36,医疗器械,2191458.0,2284657.0,-4476114.0,5478206.0,-3286748.0
2026-07-23 10:37,医疗器械,1951692.0,2379198.0,-4331763.0,5238440.0,-3286748.0
2026-07-23 10:38,医疗器械,1373406.0,2379704.0,-3753108.0,4660154.0,-3286748.0
2026-07-23 10:39,医疗器械,1372191.0,2575608.0,-3947797.0,4658939.0,-3286748.0
2026-07-23 10:40,医疗器械,6266027.0,-852151.0,-5412219.0,8065375.0,-1799348.0
2026-07-23 10:41,医疗器械,7087902.0,-1420277.0,-5664313.0,8887250.0,-1799348.0
2026-07-23 10:42,医疗器械,6832946.0,-1499606.0,-5333338.0,8632294.0,-1799348.0
2026-07-23 10:43,医疗器械,6153769.0,-742541.0,-5411226.0,7953117.0,-1799348.0
2026-07-23 10:44,医疗器械,6739420.0,-1280392.0,-5458367.0,8538768.0,-1799348.0
2026-07-23 10:45,医疗器械,6366942.0,-1125016.0,-5241925.0,8166290.0,-1799348.0
2026-07-23 10:46,医疗器械,6717027.0,-1322918.0,-5394108.0,8516375.0,-1799348.0
2026-07-23 10:47,医疗器械,6769013.0,-1409453.0,-5359559.0,8568361.0,-1799348.0
2026-07-23 10:48,医疗器械,6875561.0,-1116706.0,-5758854.0,8674909.0,-1799348.0
2026-07-23 10:49,医疗器械,6597457.0,-662589.0,-5934867.0,8396805.0,-1799348.0
2026-07-23 10:50,医疗器械,7247777.0,-921481.0,-6326295.0,9047125.0,-1799348.0
2026-07-23 10:51,医疗器械,7362737.0,-1118665.0,-6244943.0,9162085.0,-1799348.0
2026-07-23 10:52,医疗器械,7348502.0,-1037636.0,-6310865.0,9147850.0,-1799348.0
2026-07-23 10:53,医疗器械,7409259.0,-1009514.0,-6399745.0,9208607.0,-1799348.0
2026-07-23 10:54,医疗器械,7459121.0,-905925.0,-6553197.0,9258469.0,-1799348.0
2026-07-23 10:55,医疗器械,7377008.0,-1064848.0,-6312161.0,9176356.0,-1799348.0
2026-07-23 10:56,医疗器械,7546801.0,-1448171.0,-6098631.0,9346149.0,-1799348.0
2026-07-23 10:57,医疗器械,7706135.0,-1410659.0,-6295004.0,9505483.0,-1799348.0
2026-07-23 10:58,医疗器械,7939721.0,-1308934.0,-6630789.0,9739069.0,-1799348.0
2026-07-23 10:59,医疗器械,7200152.0,-800099.0,-6400055.0,8999500.0,-1799348.0
2026-07-23 11:00,医疗器械,7135673.0,-875074.0,-6260601.0,8935021.0,-1799348.0
2026-07-23 11:01,医疗器械,6691251.0,-552989.0,-6138264.0,8490599.0,-1799348.0
2026-07-23 11:02,医疗器械,6726937.0,-493446.0,-6224289.0,8526285.0,-1799348.0
2026-07-23 11:03,医疗器械,6862930.0,9876.0,-6872482.0,8662278.0,-1799348.0
2026-07-23 11:04,医疗器械,7518853.0,32121.0,-7537285.0,7168201.0,350652.0
2026-07-23 11:05,医疗器械,6039487.0,352400.0,-6391890.0,7110491.0,-1071004.0
2026-07-23 11:06,医疗器械,6028525.0,217236.0,-6245764.0,7099529.0,-1071004.0
2026-07-23 11:07,医疗器械,6076846.0,285717.0,-6362566.0,7147850.0,-1071004.0
2026-07-23 11:08,医疗器械,5362642.0,401302.0,-5763947.0,6433646.0,-1071004.0
2026-07-23 11:09,医疗器械,5764205.0,365263.0,-6129471.0,6835209.0,-1071004.0
2026-07-23 11:10,医疗器械,6013805.0,29315.0,-6043123.0,7084809.0,-1071004.0
2026-07-23 11:11,医疗器械,5617624.0,120482.0,-5738109.0,6688628.0,-1071004.0
2026-07-23 11:12,医疗器械,5543586.0,153798.0,-5697060.0,6614590.0,-1071004.0
2026-07-23 11:13,医疗器械,5581528.0,428662.0,-6010193.0,6652532.0,-1071004.0
2026-07-23 11:14,医疗器械,5220408.0,678231.0,-5898642.0,6291412.0,-1071004.0
2026-07-23 11:15,医疗器械,4684167.0,896342.0,-5580512.0,5755171.0,-1071004.0
2026-07-23 11:16,医疗器械,4401293.0,726327.0,-5127623.0,5472297.0,-1071004.0
2026-07-23 11:17,医疗器械,4458682.0,835984.0,-5294669.0,5529686.0,-1071004.0
2026-07-23 11:18,医疗器械,6030966.0,-229355.0,-5801614.0,7101970.0,-1071004.0
2026-07-23 11:19,医疗器械,5812498.0,-59435.0,-5753066.0,6883502.0,-1071004.0
2026-07-23 11:20,医疗器械,5647346.0,-85898.0,-5561451.0,6718350.0,-1071004.0
2026-07-23 11:21,医疗器械,5378913.0,242967.0,-5621883.0,6449917.0,-1071004.0
2026-07-23 11:22,医疗器械,5651518.0,341542.0,-5993063.0,6722522.0,-1071004.0
2026-07-23 11:23,医疗器械,5709595.0,237430.0,-5947028.0,6780599.0,-1071004.0
2026-07-23 11:24,医疗器械,5608012.0,546433.0,-6154448.0,6679016.0,-1071004.0
2026-07-23 11:25,医疗器械,5654596.0,599942.0,-6254541.0,6725600.0,-1071004.0
2026-07-23 11:26,医疗器械,5669609.0,619785.0,-6289397.0,6740613.0,-1071004.0
2026-07-23 11:27,医疗器械,5803498.0,617398.0,-6420899.0,6874502.0,-1071004.0
2026-07-23 11:28,医疗器械,5829247.0,757932.0,-6587182.0,6900251.0,-1071004.0
2026-07-23 11:29,医疗器械,5424673.0,1112076.0,-6536752.0,6495677.0,-1071004.0
2026-07-23 11:30,医疗器械,5434027.0,1631043.0,-7065073.0,6505031.0,-1071004.0
2026-07-23 13:01,医疗器械,4962397.0,1837007.0,-6799081.0,7990041.0,-3027644.0
2026-07-23 13:02,医疗器械,4026792.0,2799384.0,-6822045.0,7158422.0,-3131630.0
2026-07-23 13:03,医疗器械,1719232.0,4579345.0,-6298580.0,7233045.0,-5513813.0
2026-07-23 13:04,医疗器械,1768341.0,4644873.0,-6413217.0,7282154.0,-5513813.0
2026-07-23 13:05,医疗器械,277065.0,5241650.0,-5523892.0,5790878.0,-5513813.0
2026-07-23 13:06,医疗器械,456588.0,5051760.0,-5507039.0,5970401.0,-5513813.0
2026-07-23 13:07,医疗器械,72805.0,5390659.0,-5463467.0,5586618.0,-5513813.0
2026-07-23 13:08,医疗器械,-324811.0,5665587.0,-5340779.0,5189002.0,-5513813.0
2026-07-23 13:09,医疗器械,-453534.0,6151585.0,-5698054.0,5060279.0,-5513813.0
2026-07-23 13:10,医疗器械,-269083.0,5902443.0,-5655945.0,5244730.0,-5513813.0
2026-07-23 13:11,医疗器械,1458588.0,4977704.0,-6436295.0,4974401.0,-3515813.0
2026-07-23 13:12,医疗器械,2040912.0,4585434.0,-6626678.0,5556725.0,-3515813.0
2026-07-23 13:13,医疗器械,2909961.0,4006606.0,-6916570.0,5210774.0,-2300813.0
2026-07-23 13:14,医疗器械,2006251.0,4310966.0,-6317220.0,4307064.0,-2300813.0
2026-07-23 13:15,医疗器械,1953671.0,4377812.0,-6331486.0,4254484.0,-2300813.0
2026-07-23 13:16,医疗器械,1995842.0,4720362.0,-6723839.0,4296655.0,-2300813.0
2026-07-23 13:17,医疗器械,2049059.0,4514082.0,-6563144.0,4349872.0,-2300813.0
2026-07-23 13:18,医疗器械,1780366.0,4408280.0,-6188649.0,4081179.0,-2300813.0
2026-07-23 13:19,医疗器械,1877072.0,4317257.0,-6194332.0,4177885.0,-2300813.0
2026-07-23 13:20,医疗器械,2067001.0,4202220.0,-6269223.0,4367814.0,-2300813.0
2026-07-23 13:21,医疗器械,2067422.0,4237735.0,-6305159.0,4368235.0,-2300813.0
2026-07-23 13:22,医疗器械,2068646.0,4312569.0,-6381217.0,4369459.0,-2300813.0
2026-07-23 13:23,医疗器械,1699370.0,4472542.0,-6171914.0,4000183.0,-2300813.0
2026-07-23 13:24,医疗器械,3441410.0,3144575.0,-6585987.0,3582223.0,-140813.0
2026-07-23 13:25,医疗器械,3675185.0,3012134.0,-6687321.0,3815998.0,-140813.0
2026-07-23 13:26,医疗器械,3430288.0,3049352.0,-6479642.0,3571101.0,-140813.0
2026-07-23 13:27,医疗器械,2794944.0,3512122.0,-6305088.0,2935757.0,-140813.0
2026-07-23 13:28,医疗器械,2933737.0,3760064.0,-6693803.0,3074550.0,-140813.0
2026-07-23 13:29,医疗器械,3229795.0,4001967.0,-7231764.0,3370608.0,-140813.0
2026-07-23 13:30,医疗器械,3145444.0,3619970.0,-6765416.0,3286257.0,-140813.0
2026-07-23 13:31,医疗器械,2410177.0,4048968.0,-6460105.0,2550990.0,-140813.0
2026-07-23 13:32,医疗器械,3982359.0,3699004.0,-7681365.0,-109847.0,4092206.0
2026-07-23 13:33,医疗器械,3284634.0,4324797.0,-7433433.0,-807572.0,4092206.0
2026-07-23 13:34,医疗器械,3207963.0,4795852.0,-8003817.0,-884243.0,4092206.0
2026-07-23 13:35,医疗器械,1891110.0,5315824.0,-7207416.0,-2201096.0,4092206.0
2026-07-23 13:36,医疗器械,1854642.0,5187781.0,-7041211.0,-2237564.0,4092206.0
2026-07-23 13:37,医疗器械,1625903.0,5242281.0,-6868186.0,-2466303.0,4092206.0
2026-07-23 13:38,医疗器械,930261.0,5648310.0,-6578572.0,-128229.0,1058490.0
2026-07-23 13:39,医疗器械,-221318.0,6769779.0,-6546690.0,-1279808.0,1058490.0
2026-07-23 13:40,医疗器械,8361.0,6735660.0,-6744022.0,-1626705.0,1635066.0
2026-07-23 13:41,医疗器械,217724.0,7071193.0,-7288918.0,-1424242.0,1641966.0
2026-07-23 13:42,医疗器械,-576491.0,8465483.0,-7856654.0,-2348497.0,1772006.0
2026-07-23 13:43,医疗器械,-898977.0,8879046.0,-7980071.0,-2673797.0,1774820.0
2026-07-23 13:44,医疗器械,-996168.0,9457304.0,-8461138.0,-2890555.0,1894387.0
2026-07-23 13:45,医疗器械,-1822495.0,10168503.0,-8344238.0,-3718680.0,1896185.0
2026-07-23 13:46,医疗器械,-1778848.0,10226659.0,-8447813.0,-3719084.0,1940236.0
2026-07-23 13:47,医疗器械,-1727332.0,10154891.0,-8427561.0,-3721508.0,1994176.0
2026-07-23 13:48,医疗器械,-1368686.0,10178096.0,-8809412.0,-4276246.0,2907560.0
2026-07-23 13:49,医疗器械,-1275152.0,10217784.0,-8942634.0,-4182712.0,2907560.0
2026-07-23 13:50,医疗器械,-999847.0,10182626.0,-9182782.0,-3907407.0,2907560.0
2026-07-23 13:51,医疗器械,-982303.0,10069946.0,-9087646.0,-3889863.0,2907560.0
2026-07-23 13:52,医疗器械,190811.0,9034358.0,-9225173.0,-2678817.0,2869628.0
2026-07-23 13:53,医疗器械,1027957.0,8545825.0,-9573786.0,-1841235.0,2869192.0
2026-07-23 13:54,医疗器械,436765.0,8456261.0,-8982570.0,-2347189.0,2783954.0
2026-07-23 13:55,医疗器械,434115.0,8568689.0,-9002808.0,-2349839.0,2783954.0
2026-07-23 13:56,医疗器械,769117.0,8391137.0,-9159926.0,-2014837.0,2783954.0
2026-07-23 13:57,医疗器械,329102.0,8405134.0,-8734240.0,-2437194.0,2766296.0
2026-07-23 13:58,医疗器械,-102105.0,8873751.0,-8769326.0,-2858155.0,2756050.0
2026-07-23 13:59,医疗器械,-110948.0,8795478.0,-8684534.0,-2861984.0,2751036.0
2026-07-23 14:00,医疗器械,-631398.0,9043297.0,-8411903.0,-3374368.0,2742970.0
2026-07-23 14:01,医疗器械,-701748.0,9195581.0,-8493837.0,-3444282.0,2742534.0
2026-07-23 14:02,医疗器械,-411187.0,8996176.0,-8584993.0,-3129523.0,2718336.0
2026-07-23 14:03,医疗器械,-482770.0,9150346.0,-8668057.0,-3177562.0,2694792.0
2026-07-23 14:04,医疗器械,-800550.0,9501536.0,-8700990.0,-3247912.0,2447362.0
2026-07-23 14:05,医疗器械,-802674.0,9563636.0,-8763356.0,-3247638.0,2444964.0
2026-07-23 14:06,医疗器械,-1812677.0,10018374.0,-8205701.0,-4239111.0,2426434.0
2026-07-23 14:07,医疗器械,-2090261.0,10245666.0,-8155409.0,-4515387.0,2425126.0
2026-07-23 14:08,医疗器械,-2196371.0,10372160.0,-8175793.0,-4535823.0,2339452.0
2026-07-23 14:09,医疗器械,-2172549.0,10282420.0,-8109875.0,-4535823.0,2363274.0
2026-07-23 14:10,医疗器械,-2463753.0,10370657.0,-7906908.0,-4820051.0,2356298.0
2026-07-23 14:11,医疗器械,-3269253.0,10665672.0,-7396423.0,-5482761.0,2213508.0
2026-07-23 14:12,医疗器械,-3469907.0,10583998.0,-7114095.0,-5678183.0,2208276.0
2026-07-23 14:13,医疗器械,-3475250.0,10642546.0,-7167300.0,-5665214.0,2189964.0
2026-07-23 14:14,医疗器械,-3413622.0,11137676.0,-7725970.0,-5596392.0,2182770.0
2026-07-23 14:15,医疗器械,-3393303.0,11082118.0,-7679963.0,-5516559.0,2123256.0
2026-07-23 14:16,医疗器械,-1749702.0,10704089.0,-8954391.0,-4988606.0,3238904.0
2026-07-23 14:17,医疗器械,-1353686.0,10636622.0,-9282940.0,-4577766.0,3224080.0
2026-07-23 14:18,医疗器械,-2076795.0,11210026.0,-9133235.0,-5284525.0,3207730.0
2026-07-23 14:19,医疗器械,-1786806.0,11081675.0,-9295760.0,-4946358.0,3159552.0
2026-07-23 14:20,医疗器械,-1686427.0,10905296.0,-9218542.0,-4810227.0,3123800.0
2026-07-23 14:21,医疗器械,-1213038.0,10862631.0,-9571812.0,-4332696.0,3119658.0
2026-07-23 14:22,医疗器械,-1197110.0,10843816.0,-9634291.0,-4288864.0,3091754.0
2026-07-23 14:23,医疗器械,-1142520.0,10629731.0,-9487214.0,-4228388.0,3085868.0
2026-07-23 14:24,医疗器械,-1229467.0,10661548.0,-9432084.0,-4193909.0,2964442.0
2026-07-23 14:25,医疗器械,-583199.0,10600730.0,-10017534.0,-3536087.0,2952888.0
2026-07-23 14:26,医疗器械,-1116613.0,11334565.0,-10217955.0,-2740911.0,1624298.0
2026-07-23 14:27,医疗器械,-1200762.0,11304407.0,-10102692.0,-2747888.0,1547126.0
2026-07-23 14:28,医疗器械,-1606495.0,11906863.0,-10300371.0,-3107623.0,1501128.0
2026-07-23 14:29,医疗器械,-1733010.0,11949133.0,-10216126.0,-3180292.0,1447282.0
2026-07-23 14:30,医疗器械,-1007461.0,11729651.0,-10722193.0,-2253311.0,1245850.0
2026-07-23 14:31,医疗器械,5092868.0,8666463.0,-13764260.0,1835968.0,3256900.0
2026-07-23 14:32,医疗器械,3661446.0,10855448.0,-14505350.0,404546.0,3256900.0
2026-07-23 14:33,医疗器械,3623143.0,11178811.0,-14801957.0,-653757.0,4276900.0
2026-07-23 14:34,医疗器械,3169174.0,11993252.0,-15172833.0,-1107726.0,4276900.0
2026-07-23 14:35,医疗器械,3331723.0,12039867.0,-15385261.0,-945177.0,4276900.0
2026-07-23 14:36,医疗器械,3552567.0,12338789.0,-15891359.0,-724333.0,4276900.0
2026-07-23 14:37,医疗器械,3769911.0,12706645.0,-16476559.0,-506989.0,4276900.0
2026-07-23 14:38,医疗器械,3992184.0,12853996.0,-16846183.0,-284716.0,4276900.0
2026-07-23 14:39,医疗器械,3635645.0,12621483.0,-16325095.0,-17627.0,3653272.0
2026-07-23 14:40,医疗器械,3393126.0,12969026.0,-16357974.0,-126934.0,3520060.0
2026-07-23 14:41,医疗器械,3023674.0,13378738.0,-16402416.0,-353994.0,3377668.0
2026-07-23 14:42,医疗器械,3035728.0,13418394.0,-16454126.0,-221172.0,3256900.0
2026-07-23 14:43,医疗器械,3459276.0,13021471.0,-16480420.0,202376.0,3256900.0
2026-07-23 14:44,医疗器械,4365336.0,13018115.0,-17387031.0,1108436.0,3256900.0
2026-07-23 14:45,医疗器械,4655039.0,13295545.0,-17971151.0,1398139.0,3256900.0
2026-07-23 14:46,医疗器械,4355458.0,13860782.0,-18216246.0,1098558.0,3256900.0
2026-07-23 14:47,医疗器械,3253176.0,14855490.0,-18108342.0,-3724.0,3256900.0
2026-07-23 14:48,医疗器械,3480186.0,14566563.0,-18046756.0,223286.0,3256900.0
2026-07-23 14:49,医疗器械,3340472.0,15007190.0,-18347669.0,83572.0,3256900.0
2026-07-23 14:50,医疗器械,3798498.0,14933050.0,-18731759.0,878117.0,2920381.0
2026-07-23 14:51,医疗器械,4575065.0,15015926.0,-19590997.0,2424562.0,2150503.0
2026-07-23 14:52,医疗器械,5383081.0,14851208.0,-20238079.0,3232578.0,2150503.0
2026-07-23 14:53,医疗器械,5961028.0,14663476.0,-20633667.0,3810525.0,2150503.0
2026-07-23 14:54,医疗器械,5694722.0,14625812.0,-20324546.0,3544219.0,2150503.0
2026-07-23 14:55,医疗器械,6079015.0,13780879.0,-19859898.0,3928512.0,2150503.0
2026-07-23 14:56,医疗器械,6805327.0,13551145.0,-20358255.0,3634824.0,3170503.0
2026-07-23 14:57,医疗器械,7430265.0,14063379.0,-21506291.0,3047048.0,4383217.0
2026-07-23 14:58,医疗器械,7791132.0,13928423.0,-21719557.0,3407915.0,4383217.0
2026-07-23 14:59,医疗器械,7791132.0,13928423.0,-21719557.0,3407915.0,4383217.0
2026-07-23 15:00,医疗器械,7737356.0,13913280.0,-21650636.0,3354139.0,4383217.0
